[{"model": "auth.permission", "pk": 1, "fields": {"name": "Can add log entry", "content_type": 1, "codename": "add_logentry"}}, {"model": "auth.permission", "pk": 2, "fields": {"name": "Can change log entry", "content_type": 1, "codename": "change_logentry"}}, {"model": "auth.permission", "pk": 3, "fields": {"name": "Can delete log entry", "content_type": 1, "codename": "delete_logentry"}}, {"model": "auth.permission", "pk": 4, "fields": {"name": "Can view log entry", "content_type": 1, "codename": "view_logentry"}}, {"model": "auth.permission", "pk": 5, "fields": {"name": "Can add permission", "content_type": 2, "codename": "add_permission"}}, {"model": "auth.permission", "pk": 6, "fields": {"name": "Can change permission", "content_type": 2, "codename": "change_permission"}}, {"model": "auth.permission", "pk": 7, "fields": {"name": "Can delete permission", "content_type": 2, "codename": "delete_permission"}}, {"model": "auth.permission", "pk": 8, "fields": {"name": "Can view permission", "content_type": 2, "codename": "view_permission"}}, {"model": "auth.permission", "pk": 9, "fields": {"name": "Can add group", "content_type": 3, "codename": "add_group"}}, {"model": "auth.permission", "pk": 10, "fields": {"name": "Can change group", "content_type": 3, "codename": "change_group"}}, {"model": "auth.permission", "pk": 11, "fields": {"name": "Can delete group", "content_type": 3, "codename": "delete_group"}}, {"model": "auth.permission", "pk": 12, "fields": {"name": "Can view group", "content_type": 3, "codename": "view_group"}}, {"model": "auth.permission", "pk": 13, "fields": {"name": "Can add content type", "content_type": 4, "codename": "add_contenttype"}}, {"model": "auth.permission", "pk": 14, "fields": {"name": "Can change content type", "content_type": 4, "codename": "change_contenttype"}}, {"model": "auth.permission", "pk": 15, "fields": {"name": "Can delete content type", "content_type": 4, "codename": "delete_contenttype"}}, {"model": "auth.permission", "pk": 16, "fields": {"name": "Can view content type", "content_type": 4, "codename": "view_contenttype"}}, {"model": "auth.permission", "pk": 17, "fields": {"name": "Can add session", "content_type": 5, "codename": "add_session"}}, {"model": "auth.permission", "pk": 18, "fields": {"name": "Can change session", "content_type": 5, "codename": "change_session"}}, {"model": "auth.permission", "pk": 19, "fields": {"name": "Can delete session", "content_type": 5, "codename": "delete_session"}}, {"model": "auth.permission", "pk": 20, "fields": {"name": "Can view session", "content_type": 5, "codename": "view_session"}}, {"model": "auth.permission", "pk": 21, "fields": {"name": "Can add cook", "content_type": 6, "codename": "add_cook"}}, {"model": "auth.permission", "pk": 22, "fields": {"name": "Can change cook", "content_type": 6, "codename": "change_cook"}}, {"model": "auth.permission", "pk": 23, "fields": {"name": "Can delete cook", "content_type": 6, "codename": "delete_cook"}}, {"model": "auth.permission", "pk": 24, "fields": {"name": "Can view cook", "content_type": 6, "codename": "view_cook"}}, {"model": "auth.permission", "pk": 25, "fields": {"name": "Can add dish type", "content_type": 7, "codename": "add_dishtype"}}, {"model": "auth.permission", "pk": 26, "fields": {"name": "Can change dish type", "content_type": 7, "codename": "change_dishtype"}}, {"model": "auth.permission", "pk": 27, "fields": {"name": "Can delete dish type", "content_type": 7, "codename": "delete_dishtype"}}, {"model": "auth.permission", "pk": 28, "fields": {"name": "Can view dish type", "content_type": 7, "codename": "view_dishtype"}}, {"model": "auth.permission", "pk": 29, "fields": {"name": "Can add ingredient type", "content_type": 8, "codename": "add_ingredienttype"}}, {"model": "auth.permission", "pk": 30, "fields": {"name": "Can change ingredient type", "content_type": 8, "codename": "change_ingredienttype"}}, {"model": "auth.permission", "pk": 31, "fields": {"name": "Can delete ingredient type", "content_type": 8, "codename": "delete_ingredienttype"}}, {"model": "auth.permission", "pk": 32, "fields": {"name": "Can view ingredient type", "content_type": 8, "codename": "view_ingredienttype"}}, {"model": "auth.permission", "pk": 33, "fields": {"name": "Can add ingredient", "content_type": 9, "codename": "add_ingredient"}}, {"model": "auth.permission", "pk": 34, "fields": {"name": "Can change ingredient", "content_type": 9, "codename": "change_ingredient"}}, {"model": "auth.permission", "pk": 35, "fields": {"name": "Can delete ingredient", "content_type": 9, "codename": "delete_ingredient"}}, {"model": "auth.permission", "pk": 36, "fields": {"name": "Can view ingredient", "content_type": 9, "codename": "view_ingredient"}}, {"model": "auth.permission", "pk": 37, "fields": {"name": "Can add dish", "content_type": 10, "codename": "add_dish"}}, {"model": "auth.permission", "pk": 38, "fields": {"name": "Can change dish", "content_type": 10, "codename": "change_dish"}}, {"model": "auth.permission", "pk": 39, "fields": {"name": "Can delete dish", "content_type": 10, "codename": "delete_dish"}}, {"model": "auth.permission", "pk": 40, "fields": {"name": "Can view dish", "content_type": 10, "codename": "view_dish"}}, {"model": "contenttypes.contenttype", "pk": 1, "fields": {"app_label": "admin", "model": "logentry"}}, {"model": "contenttypes.contenttype", "pk": 2, "fields": {"app_label": "auth", "model": "permission"}}, {"model": "contenttypes.contenttype", "pk": 3, "fields": {"app_label": "auth", "model": "group"}}, {"model": "contenttypes.contenttype", "pk": 4, "fields": {"app_label": "contenttypes", "model": "contenttype"}}, {"model": "contenttypes.contenttype", "pk": 5, "fields": {"app_label": "sessions", "model": "session"}}, {"model": "contenttypes.contenttype", "pk": 6, "fields": {"app_label": "kitchen", "model": "cook"}}, {"model": "contenttypes.contenttype", "pk": 7, "fields": {"app_label": "kitchen", "model": "dishtype"}}, {"model": "contenttypes.contenttype", "pk": 8, "fields": {"app_label": "kitchen", "model": "ingredienttype"}}, {"model": "contenttypes.contenttype", "pk": 9, "fields": {"app_label": "kitchen", "model": "ingredient"}}, {"model": "contenttypes.contenttype", "pk": 10, "fields": {"app_label": "kitchen", "model": "dish"}}, {"model": "sessions.session", "pk": "47d4l70pyztk1sdjcgscpm8ivlb5q5qa", "fields": {"session_data": ".eJxVjEEOwiAQRe_C2hA6FOi4dN8zNAMDUjWQlHZlvLsh6UK3_73332KhY8_L0eK2rCyuYhCX381TeMbSAT-o3KsMtezb6mVX5EmbnCvH1-10_w4ytdxriwrMCBOTSRC9n1JEcqwhIY0-eKW1CRoURlQOjSNMYMgGJgs8jOLzBexYOAU:1rBKVf:_en03fP-U05wGL_6En8iF812gXxP89HWPjUzyOy4HYA", "expire_date": "2023-12-21T19:58:11.421Z"}}, {"model": "sessions.session", "pk": "h9yeipzw04lwadef5k7tivztskhl6i66", "fields": {"session_data": ".eJxVjEEOwiAQRe_C2hA6FOi4dN8zNAMDUjWQlHZlvLsh6UK3_73332KhY8_L0eK2rCyuYhCX381TeMbSAT-o3KsMtezb6mVX5EmbnCvH1-10_w4ytdxriwrMCBOTSRC9n1JEcqwhIY0-eKW1CRoURlQOjSNMYMgGJgs8jOLzBexYOAU:1rAWYG:qKwX07QdgkAUv7LGyF4dKgTGpIzW5TbFhYFu_36C9b0", "expire_date": "2023-12-19T14:37:32.321Z"}}, {"model": "sessions.session", "pk": "j30v9fahs1gys7ppw87yexh5mpy4dkuy", "fields": {"session_data": ".eJxVjDsOwyAQBe9CHSEweGFTpvcZ0PILTiKQjF1FuXtsyUXSvpl5b-ZoW4vbelrcHNmVScEuv6On8Ez1IPFB9d54aHVdZs8PhZ-086nF9Lqd7t9BoV722ipFqInAi4ADWUCd0SaQKaMZhDTotQzaCIio7K4kM46RggCZSQGwzxfuZTda:1rBtrx:bVP_1DJMOkdzRgEkBoFBs_1Ac7yf52z0218pHMiLQHE", "expire_date": "2023-12-23T09:43:33.564Z"}}, {"model": "sessions.session", "pk": "z2ofpacy69e39t14d5sexuy32aa0orqn", "fields": {"session_data": ".eJxVjEEOwiAQRe_C2hA6FOi4dN8zNAMDUjWQlHZlvLsh6UK3_73332KhY8_L0eK2rCyuYhCX381TeMbSAT-o3KsMtezb6mVX5EmbnCvH1-10_w4ytdxriwrMCBOTSRC9n1JEcqwhIY0-eKW1CRoURlQOjSNMYMgGJgs8jOLzBexYOAU:1rAWLs:wXAwDO-tehQeaFLHk-La35wqu650HuukIL0chQCV3jI", "expire_date": "2023-12-19T14:24:44.415Z"}}, {"model": "kitchen.dishtype", "pk": 1, "fields": {"name": "pasta"}}, {"model": "kitchen.dishtype", "pk": 2, "fields": {"name": "cakes"}}, {"model": "kitchen.dishtype", "pk": 3, "fields": {"name": "cookies"}}, {"model": "kitchen.dishtype", "pk": 4, "fields": {"name": "meat dishes"}}, {"model": "kitchen.dishtype", "pk": 5, "fields": {"name": "fish dishes"}}, {"model": "kitchen.dishtype", "pk": 6, "fields": {"name": "ice cream"}}, {"model": "kitchen.dishtype", "pk": 7, "fields": {"name": "salads"}}, {"model": "kitchen.dishtype", "pk": 8, "fields": {"name": "soups"}}, {"model": "kitchen.dishtype", "pk": 9, "fields": {"name": "snacks"}}, {"model": "kitchen.ingredienttype", "pk": 1, "fields": {"name": "spices"}}, {"model": "kitchen.ingredienttype", "pk": 2, "fields": {"name": "meat"}}, {"model": "kitchen.ingredienttype", "pk": 3, "fields": {"name": "vegetables"}}, {"model": "kitchen.ingredienttype", "pk": 4, "fields": {"name": "fruits"}}, {"model": "kitchen.ingredienttype", "pk": 5, "fields": {"name": "mushrooms"}}, {"model": "kitchen.ingredienttype", "pk": 6, "fields": {"name": "berries"}}, {"model": "kitchen.ingredienttype", "pk": 7, "fields": {"name": "fish"}}, {"model": "kitchen.ingredient", "pk": 1, "fields": {"name": "cucumber", "quantity": 100, "type": 3}}, {"model": "kitchen.ingredient", "pk": 2, "fields": {"name": "tomato", "quantity": 100, "type": 3}}, {"model": "kitchen.ingredient", "pk": 3, "fields": {"name": "potato", "quantity": 100, "type": 3}}, {"model": "kitchen.ingredient", "pk": 4, "fields": {"name": "carrot", "quantity": 100, "type": 3}}, {"model": "kitchen.ingredient", "pk": 5, "fields": {"name": "onion", "quantity": 100, "type": 3}}, {"model": "kitchen.ingredient", "pk": 6, "fields": {"name": "pumpkin", "quantity": 50, "type": 3}}, {"model": "kitchen.ingredient", "pk": 7, "fields": {"name": "chicken", "quantity": 50, "type": 2}}, {"model": "kitchen.ingredient", "pk": 8, "fields": {"name": "pork", "quantity": 50, "type": 2}}, {"model": "kitchen.ingredient", "pk": 9, "fields": {"name": "beef", "quantity": 50, "type": 2}}, {"model": "kitchen.ingredient", "pk": 10, "fields": {"name": "rabbit", "quantity": 10, "type": 2}}, {"model": "kitchen.ingredient", "pk": 11, "fields": {"name": "venison", "quantity": 5, "type": 2}}, {"model": "kitchen.ingredient", "pk": 12, "fields": {"name": "bear", "quantity": 5, "type": 2}}, {"model": "kitchen.ingredient", "pk": 13, "fields": {"name": "apple", "quantity": 20, "type": 4}}, {"model": "kitchen.ingredient", "pk": 14, "fields": {"name": "pear", "quantity": 20, "type": 4}}, {"model": "kitchen.ingredient", "pk": 15, "fields": {"name": "avocado", "quantity": 10, "type": 4}}, {"model": "kitchen.ingredient", "pk": 16, "fields": {"name": "orange", "quantity": 20, "type": 4}}, {"model": "kitchen.ingredient", "pk": 17, "fields": {"name": "mandarin", "quantity": 10, "type": 4}}, {"model": "kitchen.ingredient", "pk": 18, "fields": {"name": "mango", "quantity": 9, "type": 4}}, {"model": "kitchen.ingredient", "pk": 19, "fields": {"name": "black pepper", "quantity": 100, "type": 1}}, {"model": "kitchen.ingredient", "pk": 20, "fields": {"name": "red pepper", "quantity": 100, "type": 1}}, {"model": "kitchen.ingredient", "pk": 21, "fields": {"name": "salt", "quantity": 100, "type": 1}}, {"model": "kitchen.ingredient", "pk": 22, "fields": {"name": "cinnamon", "quantity": 100, "type": 1}}, {"model": "kitchen.ingredient", "pk": 23, "fields": {"name": "paprika", "quantity": 50, "type": 1}}, {"model": "kitchen.ingredient", "pk": 24, "fields": {"name": "turmeric", "quantity": 50, "type": 1}}, {"model": "kitchen.ingredient", "pk": 25, "fields": {"name": "champignon", "quantity": 5, "type": 5}}, {"model": "kitchen.ingredient", "pk": 26, "fields": {"name": "shiitake", "quantity": 5, "type": 5}}, {"model": "kitchen.ingredient", "pk": 27, "fields": {"name": "oyster mushroom", "quantity": 5, "type": 5}}, {"model": "kitchen.ingredient", "pk": 28, "fields": {"name": "summer honey fungus", "quantity": 5, "type": 5}}, {"model": "kitchen.ingredient", "pk": 29, "fields": {"name": "raspberries", "quantity": 2, "type": 6}}, {"model": "kitchen.ingredient", "pk": 30, "fields": {"name": "strawberry", "quantity": 2, "type": 6}}, {"model": "kitchen.ingredient", "pk": 31, "fields": {"name": "currant", "quantity": 2, "type": 6}}, {"model": "kitchen.ingredient", "pk": 32, "fields": {"name": "watermelon", "quantity": 30, "type": 6}}, {"model": "kitchen.ingredient", "pk": 33, "fields": {"name": "sturgeon", "quantity": 10, "type": 7}}, {"model": "kitchen.ingredient", "pk": 34, "fields": {"name": "perch", "quantity": 5, "type": 7}}, {"model": "kitchen.ingredient", "pk": 35, "fields": {"name": "pike", "quantity": 10, "type": 7}}, {"model": "kitchen.ingredient", "pk": 36, "fields": {"name": "trout", "quantity": 5, "type": 7}}, {"model": "kitchen.ingredient", "pk": 37, "fields": {"name": "tuna", "quantity": 50, "type": 7}}, {"model": "kitchen.ingredient", "pk": 38, "fields": {"name": "salmon", "quantity": 50, "type": 7}}, {"model": "kitchen.cook", "pk": 1, "fields": {"password": "pbkdf2_sha256$600000$3kC35Nm0gr5W88kMyNc9Qm$IFFRJJcWSiGpXm1mcGZwgDvM04Dlkyifmm5rHX8vhNw=", "last_login": "2023-12-07T19:58:11.418Z", "is_superuser": true, "username": "admin", "first_name": "Rostislav", "last_name": "Dzhura", "email": "admin@admin.com", "is_staff": true, "is_active": true, "date_joined": "2023-12-04T17:56:44.431Z", "years_of_experience": 5, "groups": [], "user_permissions": []}}, {"model": "kitchen.cook", "pk": 2, "fields": {"password": "pbkdf2_sha256$600000$t9kG4WdjLM77pKtEUF2teE$y2S5vKXT+tZHD/zG9dDBF31A2rGQWW1b7aVdkWeJ/Sw=", "last_login": null, "is_superuser": false, "username": "admin.user", "first_name": "Evgen", "last_name": "Raf", "email": "", "is_staff": false, "is_active": true, "date_joined": "2023-12-04T18:42:27.263Z", "years_of_experience": null, "groups": [], "user_permissions": []}}, {"model": "kitchen.cook", "pk": 3, "fields": {"password": "pbkdf2_sha256$600000$4AXN1O03M4QhIfQXrcXeX9$VkhfghwnJvbl1T89+NCweD3CLElhLdTV6MkmN6lsPPo=", "last_login": null, "is_superuser": false, "username": "Pavel", "first_name": "Pavel", "last_name": "Vosmer", "email": "", "is_staff": false, "is_active": true, "date_joined": "2023-12-04T19:32:40.964Z", "years_of_experience": null, "groups": [], "user_permissions": []}}, {"model": "kitchen.cook", "pk": 4, "fields": {"password": "pbkdf2_sha256$600000$4wobQxTpskHPNh1VU77pl5$NsAI+J2dwPpOdwKHcpbxI3Dz+ZDszwtyqLus833Sbrw=", "last_login": "2023-12-04T19:40:33.329Z", "is_superuser": false, "username": "Vasil", "first_name": "Vasil", "last_name": "Estar", "email": "", "is_staff": false, "is_active": true, "date_joined": "2023-12-04T19:40:33.069Z", "years_of_experience": null, "groups": [], "user_permissions": []}}, {"model": "kitchen.cook", "pk": 5, "fields": {"password": "pbkdf2_sha256$600000$QqTxNXVSqzecSeIEf9dzKc$UG+CMEgujucw1cBG/rkExL4YMwFpFEtWqeWSkyfR6Ys=", "last_login": "2023-12-07T18:15:32.992Z", "is_superuser": false, "username": "John_the_same", "first_name": "John", "last_name": "Listred", "email": "", "is_staff": false, "is_active": true, "date_joined": "2023-12-07T18:15:32.729Z", "years_of_experience": 3, "groups": [], "user_permissions": []}}, {"model": "kitchen.cook", "pk": 6, "fields": {"password": "pbkdf2_sha256$600000$1Vm7hErgSBDHuPWEFRyaCW$VwY1HdrDFc9a6pc467rgL67z7a6hxTG7SUF9iPJXQVM=", "last_login": "2023-12-07T18:16:12.860Z", "is_superuser": false, "username": "Alex", "first_name": "Alex", "last_name": "Volkov", "email": "", "is_staff": false, "is_active": true, "date_joined": "2023-12-07T18:16:12.598Z", "years_of_experience": 1, "groups": [], "user_permissions": []}}, {"model": "kitchen.cook", "pk": 7, "fields": {"password": "pbkdf2_sha256$600000$sZ9xW7P4O7lYb3mdmggZnY$HvN2IAVk8q+ljbrU09utjrNbyCSCbcwJk6pUJ3kOivA=", "last_login": "2023-12-07T18:17:03.835Z", "is_superuser": false, "username": "Maria", "first_name": "Maria", "last_name": "Shap", "email": "", "is_staff": false, "is_active": true, "date_joined": "2023-12-07T18:17:03.572Z", "years_of_experience": 11, "groups": [], "user_permissions": []}}, {"model": "kitchen.cook", "pk": 8, "fields": {"password": "pbkdf2_sha256$600000$1xR9thtG2guHP0cDzEh5PW$EEqO9Owds27iFCz68Hd0tLgQCVudGeVium9ukuJ42VM=", "last_login": "2023-12-07T18:17:53.515Z", "is_superuser": false, "username": "PavelS", "first_name": "Pavel", "last_name": "Santa", "email": "", "is_staff": false, "is_active": true, "date_joined": "2023-12-07T18:17:53.257Z", "years_of_experience": 5, "groups": [], "user_permissions": []}}, {"model": "kitchen.cook", "pk": 9, "fields": {"password": "pbkdf2_sha256$600000$HlQDS89hRjVkW65e1cldNV$+oWNyYefFzHdxz6+RGIbzziUNZZj7vgCL/I4+/P0F88=", "last_login": "2023-12-07T18:22:21.940Z", "is_superuser": false, "username": "Adnrew", "first_name": "Andrey", "last_name": "Golybev", "email": "DreadIsBack@gmail.com", "is_staff": false, "is_active": true, "date_joined": "2023-12-07T18:22:21.681Z", "years_of_experience": 7, "groups": [], "user_permissions": []}}, {"model": "kitchen.cook", "pk": 10, "fields": {"password": "pbkdf2_sha256$600000$6VTql2y8hkiF2LpkzqKJgL$mmZp3oKwiPJ45QBW0Sch3r1JFMHOZZvV1Glxu2mPcBM=", "last_login": "2023-12-09T09:43:33.561Z", "is_superuser": false, "username": "User123", "first_name": "Vitalii", "last_name": "Sertov", "email": "", "is_staff": false, "is_active": true, "date_joined": "2023-12-09T09:43:33.296Z", "years_of_experience": 2, "groups": [], "user_permissions": []}}, {"model": "kitchen.dish", "pk": 1, "fields": {"name": "Carbonara", "description": "Carbonara is a classic Italian pasta dish known for its rich and creamy sauce. Originating from Rome, this simple yet flavorful recipe typically features spaghetti or other pasta varieties tossed in a sauce made with eggs, Pecorino Romano cheese, guanciale (cured pork cheek), and black pepper. The result is a luscious and indulgent pasta dish that has become a favorite around the world.", "price": "11.99", "dish_type": 1, "ingredients": [2, 4, 5, 7, 8, 9, 11, 19, 20, 21, 23], "cooks": [1, 3, 6, 7, 8, 9]}}, {"model": "kitchen.dish", "pk": 2, "fields": {"name": "Berry Ice Cream", "description": "Berry ice cream is a delightful frozen treat that combines the refreshing coolness of ice cream with the natural sweetness and tartness of various berries. This fruity dessert is perfect for hot summer days, offering a burst of vibrant flavors in every spoonful. It often features a creamy vanilla or custard base infused with a medley of berries, such as strawberries, blueberries, raspberries, or blackberries. Berry ice cream is not only delicious but also a visually appealing dessert with its speckled appearance.", "price": "10.99", "dish_type": 6, "ingredients": [13, 14, 15, 16, 29, 30, 31, 32], "cooks": [1, 2, 3, 4, 6, 7, 8]}}, {"model": "kitchen.dish", "pk": 3, "fields": {"name": "Creamy Mushroom Risotto", "description": "Creamy mushroom risotto is a savory and comforting Italian dish that showcases the earthy flavors of mushrooms combined with the richness of Arborio rice. This classic risotto is cooked to a creamy consistency, allowing the rice to absorb the flavors of mushrooms, onions, garlic, and broth. Finished with Parmesan cheese and fresh herbs, creamy mushroom risotto is a delicious and satisfying meal that highlights the versatility of mushrooms in a comforting and elegant way.", "price": "17.99", "dish_type": 8, "ingredients": [3, 7, 8, 9, 19, 20, 21, 22, 23, 25, 26, 27, 28], "cooks": [1, 7, 8]}}, {"model": "kitchen.dish", "pk": 4, "fields": {"name": "Grilled Lemon Herb Chicken", "description": "Grilled Lemon Herb Chicken is a flavorful and versatile dish that's perfect for a hearty and healthy meal. Marinated with a zesty combination of lemon, garlic, and fresh herbs, the chicken is grilled to perfection, resulting in juicy and aromatic meat. This dish pairs well with a variety of side dishes, making it a go-to option for a delicious and fuss-free dinner.", "price": "14.99", "dish_type": 4, "ingredients": [7, 19, 20, 21, 24], "cooks": [1, 5, 6, 8, 9]}}, {"model": "kitchen.dish", "pk": 5, "fields": {"name": "Baked Lemon Garlic Herb Tilapia", "description": "Baked Lemon Garlic Herb Tilapia is a light and delicious fish dish that highlights the natural flavors of tilapia while infusing it with zesty lemon, aromatic garlic, and fragrant herbs. This easy-to-make recipe results in a tender and flaky fish that's perfect for a quick and healthy dinner.", "price": "24.99", "dish_type": 5, "ingredients": [1, 2, 3, 4, 5, 19, 20, 21, 22, 23, 33, 35, 36, 37, 38], "cooks": [1, 2, 3, 4]}}, {"model": "kitchen.dish", "pk": 6, "fields": {"name": "Roasted Pumpkin Soup", "description": "Roasted Pumpkin Soup is a comforting and flavorful dish that captures the essence of fall. The roasted pumpkin adds a rich and caramelized flavor, while a blend of warming spices enhances the overall taste. This soup is perfect for cozy evenings, offering a velvety texture and a delightful combination of sweet and savory notes.", "price": "19.99", "dish_type": 8, "ingredients": [2, 4, 5, 6, 19, 20, 21, 22, 23, 26, 27, 28], "cooks": [1, 7, 8, 9]}}, {"model": "kitchen.dish", "pk": 7, "fields": {"name": "Spaghetti Bolognese", "description": "Spaghetti Bolognese is a beloved Italian-inspired dish featuring a rich and hearty meat sauce served over perfectly cooked spaghetti. This classic recipe is known for its robust flavors, melding ground beef with aromatic vegetables and a savory tomato base. Here's how you can create a delicious Spaghetti Bolognese at home.", "price": "13.99", "dish_type": 1, "ingredients": [4, 5, 7, 8, 9, 19, 20, 21, 22, 23, 26, 27], "cooks": [1, 2, 6, 7]}}, {"model": "kitchen.dish", "pk": 8, "fields": {"name": "Rabbit Stew with Vegetables", "description": "Rabbit stew is a hearty and flavorful dish that showcases the tender and lean meat of rabbit, slow-cooked with a medley of vegetables and aromatic herbs. This comforting stew is perfect for cooler seasons, offering a rich and savory taste that pairs well with crusty bread or over a bed of mashed potatoes.", "price": "39.99", "dish_type": 4, "ingredients": [1, 2, 3, 4, 10, 15, 16, 19, 20, 21, 22, 23], "cooks": [1, 2, 3]}}, {"model": "kitchen.dish", "pk": 9, "fields": {"name": "Baked Lemon Garlic Salmon with Asparagus", "description": "Baked Lemon Garlic Salmon with Asparagus is a quick and healthy dish that combines the richness of salmon with the vibrant flavors of lemon, garlic, and fresh asparagus. This recipe is not only delicious but also perfect for a nutritious weeknight dinner.", "price": "35.99", "dish_type": 5, "ingredients": [1, 2, 4, 5, 13, 15, 16, 38], "cooks": [1, 5, 6]}}, {"model": "kitchen.dish", "pk": 10, "fields": {"name": "Grilled Sturgeon with Lemon-Dill Sauce", "description": "Grilled sturgeon is a culinary delight, celebrated for its firm texture and delicate flavor. This recipe pairs perfectly grilled sturgeon fillets with a zesty Lemon-Dill Sauce, creating a harmonious blend of freshness and richness. The firmness of the fish complements the bright acidity of the lemon and the herbal notes of dill, resulting in an elegant and flavorful dish.", "price": "37.99", "dish_type": 5, "ingredients": [1, 2, 3, 4, 5, 6, 15, 18, 19, 20, 21, 22, 23, 26, 27, 33], "cooks": [1, 4, 7, 8]}}]